date,day,week,post_id,format,channel,title,copy,primary_asset
"2026-09-07","Mon 7 Sep","1","p01","tile","linkedin-personal","Your operating model is the bottleneck. Not your team.","Most scaling companies diagnose execution problems in the wrong place.

They hire more people. Buy another tool. Add another meeting. Then wonder why work still slows down between teams.

The team is often doing exactly what the system allows. The real constraint is the routing architecture: who decides, where context lives, how exceptions move and what still depends on somebody remembering to follow up.

Before asking people to work harder, I would ask a different question: how is work actually moving through the business?

https://www.optiflows.com.au/blog/posts/why-your-operating-model-is-the-bottleneck.html?utm_source=linkedin&utm_medium=organic&utm_campaign=coordination-drag-2026-09&utm_content=p01-personal","assets/p01-operating-model-bottleneck.png"
"2026-09-07","Mon 7 Sep","1","p01","tile","linkedin-company","Your operating model is the bottleneck. Not your team.","More headcount does not repair broken coordination.

When the routing model stays the same, adding people creates more handoffs, more waiting and more invisible work. The constraint is not necessarily the team. It may be the system the team is working inside.

A practical operating-model diagnosis starts by mapping how work and decisions really move.

https://www.optiflows.com.au/blog/posts/why-your-operating-model-is-the-bottleneck.html?utm_source=linkedin&utm_medium=organic&utm_campaign=coordination-drag-2026-09&utm_content=p01-company","assets/p01-operating-model-bottleneck.png"
"2026-09-07","Mon 7 Sep","1","p01","tile","instagram","Your operating model is the bottleneck. Not your team.","Your team may not be the bottleneck.

If decisions, approvals and context still route through the same few people, the operating model is the constraint.

Fix the movement before adding more work. Full article via the link in bio.

#OperatingModel #AIWorkflow #BusinessSystems #OptiFlows","assets/p01-operating-model-bottleneck.png"
"2026-09-09","Wed 9 Sep","1","p02","carousel","linkedin-personal","Seven signs you are paying a coordination tax","Coordination drag is expensive precisely because it rarely looks dramatic.

It looks like a Slack message asking for an update. A meeting to reconstruct context. A campaign waiting for approval. A client request sitting between two systems. A founder stepping back into a routine decision.

One incident is small. Repeated across a week, a team and a year, it becomes an operating tax.

I have put seven of the most common signals into this diagnostic. Which one is most familiar inside your business?

https://www.optiflows.com.au/blog/posts/why-your-operating-model-is-the-bottleneck.html?utm_source=linkedin&utm_medium=organic&utm_campaign=coordination-drag-2026-09&utm_content=p02-personal","assets/p02-coordination-tax-slide-01.png"
"2026-09-09","Wed 9 Sep","1","p02","carousel","linkedin-company","Seven signs you are paying a coordination tax","Coordination tax hides in waiting, chasing, translation and rework.

Use this seven-signal diagnostic to identify whether a workflow problem is being misdiagnosed as a people problem.

Save it for your next operating review, then choose one workflow to measure.

https://www.optiflows.com.au/blog/posts/why-your-operating-model-is-the-bottleneck.html?utm_source=linkedin&utm_medium=organic&utm_campaign=coordination-drag-2026-09&utm_content=p02-company","assets/p02-coordination-tax-slide-01.png"
"2026-09-09","Wed 9 Sep","1","p02","carousel","instagram","Seven signs you are paying a coordination tax","Seven quiet signs that coordination is costing more than it should.

Save this for your next workflow review. Then look for the handoff creating the most waiting, chasing or rework.

#Operations #WorkflowDesign #FounderLed #OptiFlows","assets/p02-coordination-tax-slide-01.png"
"2026-09-11","Fri 11 Sep","1","p03","motion","linkedin-personal","Ten people to forty. Same routing architecture.","A company can scale headcount without scaling its operating model.

More people join the network. The same approvals, routing decisions and context dependencies remain. What worked at ten people becomes invisible drag at forty.

Scaling is not just adding nodes. The routing logic has to change too.

https://www.optiflows.com.au/blog/posts/why-your-operating-model-is-the-bottleneck.html?utm_source=linkedin&utm_medium=organic&utm_campaign=coordination-drag-2026-09&utm_content=p03-personal","assets/p03-routing-architecture.mp4"
"2026-09-11","Fri 11 Sep","1","p03","motion","linkedin-company","Ten people to forty. Same routing architecture.","More nodes. Same routing logic. More drag.

A scalable operating model changes how decisions, context and exceptions move, not only how many people are available to move them.

https://www.optiflows.com.au/blog/posts/why-your-operating-model-is-the-bottleneck.html?utm_source=linkedin&utm_medium=organic&utm_campaign=coordination-drag-2026-09&utm_content=p03-company","assets/p03-routing-architecture.mp4"
"2026-09-11","Fri 11 Sep","1","p03","motion","instagram","Ten people to forty. Same routing architecture.","Ten people became forty. The routing architecture never changed.

Scale the system, not just the nodes.

#SystemsThinking #BusinessGrowth #AIWorkflow #OptiFlows","assets/p03-routing-architecture.mp4"
"2026-09-11","Fri 11 Sep","1","p03","motion","youtube","Ten people to forty. Same routing architecture.","Ten people to forty. Same routing architecture.

Why scaling headcount without redesigning coordination creates more waiting, more escalation and more founder dependency.

https://www.optiflows.com.au/blog/posts/why-your-operating-model-is-the-bottleneck.html?utm_source=youtube&utm_medium=organic&utm_campaign=coordination-drag-2026-09&utm_content=p03-short

#Shorts #OperatingModel #BusinessSystems","assets/p03-routing-architecture.mp4"
"2026-09-14","Mon 14 Sep","2","p04","tile","linkedin-personal","Your AI needs a filing system. Not another database.","When a business wants AI to use its knowledge, the reflex is often to reach for a vector database.

For a few hundred working documents, that can be a lot of infrastructure before the underlying information has even been organised.

A well-structured folder of complete markdown files gives an agent something simpler and often more useful: clear names, explicit relationships, readable context and a path it can navigate.

The vault is the database. The structure is the retrieval system.

https://www.optiflows.com.au/blog/posts/your-ai-needs-a-filing-system-not-a-database.html?utm_source=linkedin&utm_medium=organic&utm_campaign=coordination-drag-2026-09&utm_content=p04-personal","assets/p04-filing-system.png"
"2026-09-14","Mon 14 Sep","2","p04","tile","linkedin-company","Your AI needs a filing system. Not another database.","AI cannot compensate for knowledge that is scattered, ambiguous or structurally invisible.

Before adding a retrieval stack, organise the source: complete documents, explicit links, consistent metadata and clear operating rules.

For many mid-market teams, better structure beats more infrastructure.

https://www.optiflows.com.au/blog/posts/your-ai-needs-a-filing-system-not-a-database.html?utm_source=linkedin&utm_medium=organic&utm_campaign=coordination-drag-2026-09&utm_content=p04-company","assets/p04-filing-system.png"
"2026-09-14","Mon 14 Sep","2","p04","tile","instagram","Your AI needs a filing system. Not another database.","Before building a retrieval pipeline, fix the filing system.

Clear files. Explicit links. Useful metadata. Complete context.

Better structure often beats more infrastructure.

#KnowledgeManagement #AgenticAI #PKM #OptiFlows","assets/p04-filing-system.png"
"2026-09-16","Wed 16 Sep","2","p05","carousel","linkedin-personal","When structured files beat RAG (and when they do not)","Structured files versus RAG is not an ideological choice.

The right answer depends on corpus size, document quality, update frequency, retrieval patterns and how much infrastructure the team can realistically operate.

The mistake is starting with the retrieval technology before establishing an authoritative source.

This carousel is the decision framework I use. It also includes the point where structured files stop being the simplest answer.

https://www.optiflows.com.au/blog/posts/your-ai-needs-a-filing-system-not-a-database.html?utm_source=linkedin&utm_medium=organic&utm_campaign=coordination-drag-2026-09&utm_content=p05-personal","assets/p05-files-versus-rag-slide-01.png"
"2026-09-16","Wed 16 Sep","2","p05","carousel","linkedin-company","When structured files beat RAG (and when they do not)","The best knowledge architecture is not necessarily the most sophisticated one.

Use this framework to decide when a structured file system is sufficient, when dedicated retrieval becomes justified and why the authoritative source still matters in both cases.

https://www.optiflows.com.au/blog/posts/your-ai-needs-a-filing-system-not-a-database.html?utm_source=linkedin&utm_medium=organic&utm_campaign=coordination-drag-2026-09&utm_content=p05-company","assets/p05-files-versus-rag-slide-01.png"
"2026-09-16","Wed 16 Sep","2","p05","carousel","instagram","When structured files beat RAG (and when they do not)","Structured files or RAG?

The answer should follow the corpus and the operating need, not the current technology fashion.

Save this decision framework.

#RAG #KnowledgeSystems #AIArchitecture #OptiFlows","assets/p05-files-versus-rag-slide-01.png"
"2026-09-18","Fri 18 Sep","2","p06","motion","linkedin-personal","From scattered documents to navigable knowledge","Most company knowledge is not missing. It is simply difficult to navigate.

Strategy is in a deck. Decisions are in chat. Proof is in a proposal. Brand rules are in somebody’s memory.

An agent-ready knowledge system does not begin with a larger model. It begins with an authoritative structure that both people and agents can follow.

https://www.optiflows.com.au/blog/posts/your-ai-needs-a-filing-system-not-a-database.html?utm_source=linkedin&utm_medium=organic&utm_campaign=coordination-drag-2026-09&utm_content=p06-personal","assets/p06-navigable-knowledge.mp4"
"2026-09-18","Fri 18 Sep","2","p06","motion","linkedin-company","From scattered documents to navigable knowledge","Storage becomes knowledge only when people and agents can find the current source, understand its role and follow its relationships.

Structure is the operating layer between information and useful action.

https://www.optiflows.com.au/blog/posts/your-ai-needs-a-filing-system-not-a-database.html?utm_source=linkedin&utm_medium=organic&utm_campaign=coordination-drag-2026-09&utm_content=p06-company","assets/p06-navigable-knowledge.mp4"
"2026-09-18","Fri 18 Sep","2","p06","motion","instagram","From scattered documents to navigable knowledge","The documents already exist. The path through them does not.

Structure turns storage into navigable knowledge.

#KnowledgeDesign #AgentSystems #FutureOfWork #OptiFlows","assets/p06-navigable-knowledge.mp4"
"2026-09-18","Fri 18 Sep","2","p06","motion","youtube","From scattered documents to navigable knowledge","From scattered documents to navigable knowledge.

An agent-ready knowledge system starts with an authoritative structure that humans and AI can follow.

https://www.optiflows.com.au/blog/posts/your-ai-needs-a-filing-system-not-a-database.html?utm_source=youtube&utm_medium=organic&utm_campaign=coordination-drag-2026-09&utm_content=p06-short

#Shorts #KnowledgeManagement #AgenticAI","assets/p06-navigable-knowledge.mp4"
"2026-09-21","Mon 21 Sep","3","p07","tile","linkedin-personal","If every decision returns to the founder, the system is not installed.","There is a difference between founder authority and founder dependency.

Authority sets direction, defines boundaries and makes genuinely consequential decisions. Dependency means routine approvals, context and exceptions still queue behind one calendar.

Removing the founder from the loop should not remove their judgment. It should encode that judgment clearly enough that normal work can move, while unusual work escalates with the right context.

The goal is not less control. It is control without becoming the routing layer.

https://www.optiflows.com.au/blog/posts/removing-the-founder-from-the-loop.html?utm_source=linkedin&utm_medium=organic&utm_campaign=coordination-drag-2026-09&utm_content=p07-personal","assets/p07-founder-router.png"
"2026-09-21","Mon 21 Sep","3","p07","tile","linkedin-company","If every decision returns to the founder, the system is not installed.","The founder’s job is to set direction, not route routine traffic.

A durable operating model preserves human authority while removing unnecessary dependence on one person for context, follow-up and standard decisions.

https://www.optiflows.com.au/blog/posts/removing-the-founder-from-the-loop.html?utm_source=linkedin&utm_medium=organic&utm_campaign=coordination-drag-2026-09&utm_content=p07-company","assets/p07-founder-router.png"
"2026-09-21","Mon 21 Sep","3","p07","tile","instagram","If every decision returns to the founder, the system is not installed.","Keep the authority. Remove the dependency.

If routine work still queues behind one person, the operating system is not installed yet.

#FounderLed #LeadershipSystems #AIWorkflows #OptiFlows","assets/p07-founder-router.png"
"2026-09-23","Wed 23 Sep","3","p08","carousel","linkedin-personal","What agents decide, recommend, escalate and never do","“Human in the loop” is too vague to be an operating model.

Which human? At what point? For what threshold? With what evidence? What can proceed without them?

I prefer four explicit lanes: decide, recommend, escalate and never do. The boundary should be visible before an agent enters production, not invented after something goes wrong.

The useful result is not an approval on every task. It is routine work moving safely while the right exceptions reach the right person with enough context to decide.

https://www.optiflows.com.au/blog/posts/removing-the-founder-from-the-loop.html?utm_source=linkedin&utm_medium=organic&utm_campaign=coordination-drag-2026-09&utm_content=p08-personal","assets/p08-agent-boundaries-slide-01.png"
"2026-09-23","Wed 23 Sep","3","p08","carousel","linkedin-company","What agents decide, recommend, escalate and never do","Governed autonomy needs explicit decision lanes.

This framework separates what an agent may decide, what it may recommend, what it must escalate and what remains outside its authority.

Save it for the design review before your next agent enters production.

https://www.optiflows.com.au/blog/posts/removing-the-founder-from-the-loop.html?utm_source=linkedin&utm_medium=organic&utm_campaign=coordination-drag-2026-09&utm_content=p08-company","assets/p08-agent-boundaries-slide-01.png"
"2026-09-23","Wed 23 Sep","3","p08","carousel","instagram","What agents decide, recommend, escalate and never do","Decide. Recommend. Escalate. Never do.

Four lanes make “human in the loop” an operating rule instead of a slogan.

#AIGovernance #HumanInTheLoop #AgenticAI #OptiFlows","assets/p08-agent-boundaries-slide-01.png"
"2026-09-25","Fri 25 Sep","3","p09","motion","linkedin-personal","Remove dependency. Retain authority.","The best agent systems do not remove the human. They remove unnecessary waiting around the human.

Routine work moves inside explicit policy. Consequential work pauses at a visible authority gate. The decision arrives with its context intact.

That is the difference between automation and a governed operating system.

https://www.optiflows.com.au/blog/posts/removing-the-founder-from-the-loop.html?utm_source=linkedin&utm_medium=organic&utm_campaign=coordination-drag-2026-09&utm_content=p09-personal","assets/p09-retain-authority.mp4"
"2026-09-25","Fri 25 Sep","3","p09","motion","linkedin-company","Remove dependency. Retain authority.","Remove dependency. Retain authority.

Governed flow allows routine work to proceed while preserving an explicit human decision boundary for what actually matters.

https://www.optiflows.com.au/blog/posts/removing-the-founder-from-the-loop.html?utm_source=linkedin&utm_medium=organic&utm_campaign=coordination-drag-2026-09&utm_content=p09-company","assets/p09-retain-authority.mp4"
"2026-09-25","Fri 25 Sep","3","p09","motion","instagram","Remove dependency. Retain authority.","The human stays in authority, not in every routine handoff.

Design the boundary. Carry the context. Let normal work move.

#AIGovernance #WorkflowAutomation #Leadership #OptiFlows","assets/p09-retain-authority.mp4"
"2026-09-25","Fri 25 Sep","3","p09","motion","youtube","Remove dependency. Retain authority.","Remove dependency. Retain authority.

A governed agent system lets routine work move while consequential decisions remain human-owned.

https://www.optiflows.com.au/blog/posts/removing-the-founder-from-the-loop.html?utm_source=youtube&utm_medium=organic&utm_campaign=coordination-drag-2026-09&utm_content=p09-short

#Shorts #AIGovernance #HumanInTheLoop","assets/p09-retain-authority.mp4"
"2026-09-28","Mon 28 Sep","4","p10","tile","linkedin-personal","Campaigns are tactics. Engines are infrastructure.","A campaign is a one-time event. A campaign engine is a system that can produce the next campaign without rebuilding everything from zero.

The distinction is easy to miss because both can generate activity. Only one compounds the audience learning, proof, workflows, reusable assets and decision logic created along the way.

If the tenth campaign takes the same effort as the first, the business has been funding tactics, not building infrastructure.

https://www.optiflows.com.au/blog/posts/campaigns-are-tactics-engines-are-infrastructure.html?utm_source=linkedin&utm_medium=organic&utm_campaign=coordination-drag-2026-09&utm_content=p10-personal","assets/p10-campaigns-versus-engines.png"
"2026-09-28","Mon 28 Sep","4","p10","tile","linkedin-company","Campaigns are tactics. Engines are infrastructure.","Campaign activity can grow while campaign capability remains flat.

An engine preserves the learning, assets, routing and decision logic required to make the next cycle better than the last.

One depletes. The other compounds.

https://www.optiflows.com.au/blog/posts/campaigns-are-tactics-engines-are-infrastructure.html?utm_source=linkedin&utm_medium=organic&utm_campaign=coordination-drag-2026-09&utm_content=p10-company","assets/p10-campaigns-versus-engines.png"
"2026-09-28","Mon 28 Sep","4","p10","tile","instagram","Campaigns are tactics. Engines are infrastructure.","If every campaign starts with a blank document, you do not have an engine yet.

Build the infrastructure that makes the next cycle better than the last.

#GrowthSystems #MarketingOperations #CampaignStrategy #OptiFlows","assets/p10-campaigns-versus-engines.png"
"2026-09-30","Wed 30 Sep","4","p11","carousel","linkedin-personal","Campaign versus engine: reset or compound?","The real test of a campaign is not only whether it performed.

Did it make the next campaign easier to produce, easier to govern and more likely to work?

A useful engine preserves the audience evidence, positioning decisions, reusable assets, workflow and performance learning created during the cycle. That is what turns marketing activity into organisational capability.

This carousel shows the operating difference between a campaign that resets and an engine that compounds.

https://www.optiflows.com.au/blog/posts/campaigns-are-tactics-engines-are-infrastructure.html?utm_source=linkedin&utm_medium=organic&utm_campaign=coordination-drag-2026-09&utm_content=p11-personal","assets/p11-campaign-engine-slide-01.png"
"2026-09-30","Wed 30 Sep","4","p11","carousel","linkedin-company","Campaign versus engine: reset or compound?","Did the campaign perform? And did it leave the next campaign easier to produce?

Use this comparison to distinguish one-time activity from a campaign engine that preserves learning and compounds capability.

https://www.optiflows.com.au/blog/posts/campaigns-are-tactics-engines-are-infrastructure.html?utm_source=linkedin&utm_medium=organic&utm_campaign=coordination-drag-2026-09&utm_content=p11-company","assets/p11-campaign-engine-slide-01.png"
"2026-09-30","Wed 30 Sep","4","p11","carousel","instagram","Campaign versus engine: reset or compound?","A campaign creates an output. An engine creates the next output, and gets better each time.

Swipe for the reset-versus-compound test.

#GrowthEngine #MarketingSystems #ContentOperations #OptiFlows","assets/p11-campaign-engine-slide-01.png"
"2026-10-02","Fri 2 Oct","4","p12","motion","linkedin-personal","What is coordination drag costing?","Coordination drag rarely arrives as one dramatic failure.

It accumulates through waiting, chasing, rework, repeated context and senior attention pulled into routine decisions.

The first useful step is not a transformation program. It is putting a rough number on one workflow that keeps pulling people back into the loop.

We built a 90-second check to make that cost visible. It is indicative, not a business case, but it gives you a better first question.

https://www.optiflows.com.au/?utm_source=linkedin&utm_medium=organic&utm_campaign=coordination-drag-2026-09&utm_content=p12-personal#drag-check","assets/p12-drag-check.mp4"
"2026-10-02","Fri 2 Oct","4","p12","motion","linkedin-company","What is coordination drag costing?","What is routine coordination costing your business?

Use the 90-second OptiFlows drag check to estimate the annual cost of waiting, chasing, rework and unnecessary escalation inside one recurring workflow.

https://www.optiflows.com.au/?utm_source=linkedin&utm_medium=organic&utm_campaign=coordination-drag-2026-09&utm_content=p12-company#drag-check","assets/p12-drag-check.mp4"
"2026-10-02","Fri 2 Oct","4","p12","motion","instagram","What is coordination drag costing?","Waiting. Chasing. Rework. Escalation.

Small moments become a material operating cost when they repeat every week.

Put a number on the drag. Link in bio.

#OperationalExcellence #WorkflowDesign #BusinessEfficiency #OptiFlows","assets/p12-drag-check.mp4"
"2026-10-02","Fri 2 Oct","4","p12","motion","youtube","What is coordination drag costing?","What is coordination drag costing your business?

Estimate the annual cost of waiting, chasing, rework and unnecessary escalation inside one recurring workflow.

https://www.optiflows.com.au/?utm_source=youtube&utm_medium=organic&utm_campaign=coordination-drag-2026-09&utm_content=p12-short#drag-check

#Shorts #BusinessOperations #WorkflowDesign","assets/p12-drag-check.mp4"
