"date","timezone","chapter","channels","asset_files","purpose","status","release_gate"
"2026-10-01","Australia/Melbourne","One more hour","Website; Newsletter; Instagram Feed; Facebook","w1 feed; w1 wide","Establish the month and plan the first longer evening","Proposed","Current route, access and weather checks"
"2026-10-04","Australia/Melbourne","One more hour","Homepage; Instagram Stories","w1 story; w1 motion","Timely daylight-saving utility","Proposed","Same-day clock and conditions check"
"2026-10-07","Australia/Melbourne","Read the other coast","Website; Instagram Feed; Facebook","w2 feed; w2 wide","Session, day and picnic choice","Held","Coolart access confirmation"
"2026-10-09/2026-10-11","Australia/Melbourne","Read the other coast","What's On; Instagram Stories","w2 story; w2 motion","Keep event claims current","Conditional","Organiser and Parks Victoria read-back"
"2026-10-14","Australia/Melbourne","Keep the weekend","Website; Newsletter; Instagram Feed; Facebook","w3 feed; w3 wide","Community walk and garden Sunday planning","Proposed","Booking and cancellation checks"
"2026-10-17/2026-10-18","Australia/Melbourne","Keep the weekend","What's On; Instagram Stories","w3 story; w3 motion","Last-mile utility","Proposed","Same-day access checks"
"2026-10-20","Australia/Melbourne","The long finish","Website; Homepage; Newsletter; Instagram Feed; Facebook","w4 feed; w4 wide","Registration, support and route planning","Proposed","Registration, transport and route checks"
"2026-10-22/2026-10-25","Australia/Melbourne","The long finish","What's On; Instagram Stories","w4 story; w4 motion","Honest H&H and walk status","Proposed","H&H inventory, walk operations and 1080p motion check"
"2026-10-31","Australia/Melbourne","Optional","What's On; Instagram Stories","existing What's On format","Secondary family utility","Optional","Current event access and booking check"
